{
    "mse": 3.3806285858154297,
    "mae": 1.1990200281143188,
    "r2": 0.9534163136929226,
    "step": 359
}
