{
    "mse": 1684.2508544921875,
    "mae": 2.555368661880493,
    "r2": -22.204992455957573,
    "step": 0
}
