step	mae
0	1.1227674
0	0.95044744
0	0.8681473
0	0.68779683
0	0.4143559
0	0.6326459
0	0.4371768
0	0.5790645
0	0.9942022
0	0.651864
0	0.50442195
0	0.7356928
0	1.2012807
0	0.84582406
0	0.8678069
0	0.58475435
0	0.83916736
0	1.4018607
0	0.8781306
0	2.5553687
