step	mse
0	58.664394
0	2.420925
0	3.1663613
0	4.144239
0	0.3723698
0	1.1351982
0	0.4369607
0	0.658195
0	8.864096
0	4.2238092
0	0.51076174
0	3.906306
0	1.7418011
0	2.6104164
0	11.611555
0	2.2501416
0	2.9599984
0	3.5126755
0	1.1933051
0	1684.2509
