step	r2
0	0.19174335810394405
0	0.9666453779257446
0	0.956375033114324
0	0.9429021869741914
0	0.9948696254525977
0	0.9843596539123994
0	0.9939797150172103
0	0.9909316295441489
0	0.8778737356890166
0	0.941805898303501
0	0.9929629117586873
0	0.9461803417343837
0	0.9760021009505633
0	0.9640346376327802
0	0.8400202623451598
0	0.9689983701252072
0	0.9592182262772209
0	0.9516036393308672
0	0.9835590770721325
0	-22.204992455957573
